Joe Schmo,  56
Joe Schmo,98
Joe Schmo,87
Joe Schmo, 88
Joe Schmo,58
Joe Schmo,87
Joe Schmo,     78
Joe Schmo,95
Joe Schmo,81
Joe Schmo,81
Joe Schmo,93
Joe Schmo, 94
Joe Schmo,93
Joe Schmo, 72
Joe Schmo,73
Joe Schmo, 62
Joe Schmo,64
Joe Schmo,63
Joe Schmo,    63
Joe Schmo,64
Joe Schmo,62
Joe Schmo,40
Joe Schmo, 40
Joe Schmo,32
Joe Schmo,    43
Joe Schmo,25
Joe Schmo,34
Joe Schmo,54
Joe Schmo,65
Joe Schmo,40
Joe Schmo,    34
Joe Schmo,30
Joe Schmo,95
Joe Schmo,96
Joe Schmo, 90
Joe Schmo,90
Joe Schmo,90
Joe Schmo,   95
Joe Schmo,85
Joe Schmo,85
Joe Schmo,      85
Joe Schmo,  86
Joe Schmo,    87
Joe Schmo,87
Joe Schmo,86
Joe Schmo,85
Joe Schmo,84
Joe Schmo, 83
Joe Schmo,82
Joe Schmo,98
Joe Schmo,  78
Joe Schmo,68
Joe Schmo,90
Joe Schmo,48
Joe Schmo,  68
Joe Schmo,       78
Joe Schmo,86
Joe Schmo,78
Joe Schmo,76
Joe Schmo, 86
Joe Schmo,78
Joe Schmo,55
Joe Schmo,   68
Joe Schmo,46
Joe Schmo,67
Joe Schmo,  58
Joe Schmo,67
Joe Schmo,66
Joe Schmo,88
Joe Schmo,    76
Joe Schmo,  56
Joe Schmo,67
Joe Schmo,56
Joe Schmo,  67
Joe Schmo,47
Joe Schmo,    66
Joe Schmo, 78
Joe Schmo,76
Joe Schmo,  98
Joe Schmo,89
Joe Schmo, 8
Joe Schmo,       90
Joe Schmo,78
Joe Schmo,0
Joe Schmo,79
Joe Schmo,  99
Joe Schmo,87
Joe Schmo, 67
Joe Schmo,100
